{
    "laboratorio": "QUANTICO_NATIVO_NIXOS_CANONICO",
    "versao": "5.0.UNIFICADA",
    "timestamp": "2025-10-31T02:28:19.219346",
    "analises_dos_perfis": {
        "QFT": {
            "analise_canonica": {
                "EQ001_F": 0.11779492088814346,
                "EQ002_F": 2.3372962456587563,
                "EQ003_F": -0.8745190955908574,
                "EQ004_F": 0.0500434074589169,
                "EQ005_F": 9.799303002666898,
                "EQ006_F": 2.56103461131517,
                "EQ007_F": 9e-05,
                "EQ008_F": 1.0,
                "EQ009_F": 766800.0,
                "EQ010_F": 0.999,
                "EQ011_F": 0.11347001030185534,
                "EQ012_F": 69710.55486482753
            }
        },
        "SHOR": {
            "analise_canonica": {
                "EQ001_F": -0.8821357019016499,
                "EQ002_F": 2.1737377351699934,
                "EQ003_F": -0.8476472982429021,
                "EQ004_F": 0.050042546114619696,
                "EQ005_F": 9.800547062863437,
                "EQ006_F": 2.969245833456231,
                "EQ007_F": 7e-05,
                "EQ008_F": 0.0,
                "EQ009_F": 596400.0,
                "EQ010_F": 0.9980000000000001,
                "EQ011_F": -0.965620142163193,
                "EQ012_F": 54219.390567275936
            }
        },
        "GROVER": {
            "analise_canonica": {
                "EQ001_F": -0.7827505737261103,
                "EQ002_F": 2.496146263250164,
                "EQ003_F": -0.815798145789437,
                "EQ004_F": 0.050041702084890165,
                "EQ005_F": 9.799699476401784,
                "EQ006_F": 2.77795260112353,
                "EQ007_F": 8e-05,
                "EQ008_F": 1.0,
                "EQ009_F": 681600.0,
                "EQ010_F": 0.999,
                "EQ011_F": -0.562206739353248,
                "EQ012_F": 61964.99656041672
            }
        },
        "QEC": {
            "analise_canonica": {
                "EQ001_F": 0.5886515782267197,
                "EQ002_F": 2.4139747901731345,
                "EQ003_F": -0.7804685120726534,
                "EQ004_F": 0.05004087440628641,
                "EQ005_F": 9.800000592964883,
                "EQ006_F": 2.629942960997615,
                "EQ007_F": 9.5e-05,
                "EQ008_F": 1.0,
                "EQ009_F": 809400.0,
                "EQ010_F": 0.9980000000000001,
                "EQ011_F": 0.45208215153384174,
                "EQ012_F": 73583.37748358512
            }
        },
        "HIGGS": {
            "analise_canonica": {
                "EQ001_F": -0.07863786083201042,
                "EQ002_F": 2.403255994433457,
                "EQ003_F": -0.821810721651699,
                "EQ004_F": 0.050040063388983556,
                "EQ005_F": 9.800291689563277,
                "EQ006_F": 2.7103520736128015,
                "EQ007_F": 6e-05,
                "EQ008_F": 0.0,
                "EQ009_F": 511200.0,
                "EQ010_F": 0.998,
                "EQ011_F": -0.9014066858525233,
                "EQ012_F": 46474.01455859569
            }
        }
    }
}