{
  "coherence_matrix": [
    [
      548477854.5394219,
      0.8
    ],
    [
      0.7,
      0.9
    ]
  ],
  "timestamp": "2025-11-03T02:43:28.760819",
  "freq": 586.5
}