{
  "coherence_matrix": [
    [
      548477854.5394219,
      0.8
    ],
    [
      0.7,
      0.9
    ]
  ],
  "timestamp": "2025-10-31T02:08:26.264771",
  "freq": 586.5
}