{
  "coherence_matrix": [
    [
      330789461.6743554,
      0.8
    ],
    [
      0.7,
      0.9
    ]
  ],
  "timestamp": "2025-11-03T03:43:30.330158",
  "freq": 586.5
}