{
  "coherence_matrix": [
    [
      330789461.6743554,
      0.8
    ],
    [
      0.7,
      0.9
    ]
  ],
  "timestamp": "2025-10-31T14:24:15.792916",
  "freq": 586.5
}