{
  "alvo": "Modulo_Exemplo_Beta",
  "score": 0.8950601446328621,
  "threshold": 0.99,
  "historico_agg": {
    "min": 0.7767977103959436,
    "max": 0.8950601446328621,
    "avg": 0.8359289275144028
  }
}