{
  "alvo": "Modulo_Exemplo_Alfa",
  "score": 0.7767977103959436,
  "threshold": 0.95,
  "historico_agg": {
    "min": 0.7767977103959436,
    "max": 0.7767977103959436,
    "avg": 0.7767977103959436
  }
}