{
  "alvo": "Portal_PORTAL_ALPHA_7",
  "score": 0.8959666272636454,
  "threshold": 0.95,
  "historico_agg": {
    "min": 0.7767977103959436,
    "max": 0.9950601446328621,
    "avg": 0.8907211567313283
  }
}